Date,HomeTeam,AwayTeam,FTHG,FTAG,FTR,HS,AS,HST,AST,HC,AC,HF,AF,HY,AY,HR,AR
15/08/2025,Liverpool,Bournemouth,4,2,H,19,10,10,3,6,7,7,10,1,2,0,0
16/08/2025,Aston Villa,Newcastle,0,0,D,3,16,3,3,3,6,13,11,1,1,1,0
16/08/2025,Brighton,Fulham,1,1,D,10,7,4,2,4,3,16,15,3,3,0,0
16/08/2025,Sunderland,West Ham,3,0,H,10,12,5,4,5,7,8,10,0,1,0,0
16/08/2025,Tottenham,Burnley,3,0,H,16,14,6,4,6,5,14,8,0,0,0,0
16/08/2025,Wolves,Man City,0,4,A,9,15,3,4,4,6,13,7,1,2,0,0
17/08/2025,Chelsea,Crystal Palace,0,0,D,19,12,3,4,11,2,10,12,2,3,0,0
17/08/2025,Nott'm Forest,Brentford,3,1,H,11,10,5,3,5,5,7,15,1,2,0,0
17/08/2025,Man United,Arsenal,0,1,A,22,9,7,3,3,4,10,19,1,4,0,0
18/08/2025,Leeds,Everton,1,0,H,21,7,3,1,7,2,6,8,0,2,0,0
22/08/2025,West Ham,Chelsea,1,5,A,12,12,4,7,7,5,7,10,0,1,0,0
23/08/2025,Man City,Tottenham,0,2,A,10,12,4,5,7,2,7,12,1,4,0,0
23/08/2025,Bournemouth,Wolves,1,0,H,14,6,4,1,8,3,13,16,2,4,0,1
23/08/2025,Brentford,Aston Villa,1,0,H,9,17,2,2,2,9,11,9,1,2,0,0
23/08/2025,Burnley,Sunderland,2,0,H,7,9,2,1,4,3,9,5,0,1,0,0
23/08/2025,Arsenal,Leeds,5,0,H,18,3,5,1,2,2,8,11,0,2,0,0
24/08/2025,Crystal Palace,Nott'm Forest,1,1,D,8,9,4,1,1,3,11,11,3,3,0,0
24/08/2025,Everton,Brighton,2,0,H,11,13,3,4,2,2,7,15,4,3,0,0
24/08/2025,Fulham,Man United,1,1,D,13,10,4,3,9,6,12,10,1,1,0,0
25/08/2025,Newcastle,Liverpool,2,3,A,10,5,3,4,7,1,17,15,2,3,1,0
30/08/2025,Chelsea,Fulham,2,0,H,13,11,6,3,6,4,11,17,2,2,0,0
30/08/2025,Man United,Burnley,3,2,H,26,6,6,3,7,1,9,9,1,5,0,0
30/08/2025,Sunderland,Brentford,2,1,H,12,7,3,4,3,4,11,12,3,2,0,0
30/08/2025,Tottenham,Bournemouth,0,1,A,5,20,1,6,0,8,17,13,2,4,0,0
30/08/2025,Wolves,Everton,2,3,A,12,10,4,4,2,2,15,10,0,1,0,0
30/08/2025,Leeds,Newcastle,0,0,D,10,8,1,2,5,5,10,15,1,1,0,0
31/08/2025,Brighton,Man City,2,1,H,12,12,7,3,3,2,16,14,2,2,0,0
31/08/2025,Nott'm Forest,West Ham,0,3,A,11,12,3,8,9,7,14,6,0,0,0,0
31/08/2025,Liverpool,Arsenal,1,0,H,9,11,3,1,3,8,7,10,2,2,0,0
31/08/2025,Aston Villa,Crystal Palace,0,3,A,13,6,4,4,10,1,7,14,2,3,0,0
13/09/2025,Arsenal,Nott'm Forest,3,0,H,16,5,5,1,8,4,8,11,1,1,0,0
13/09/2025,Bournemouth,Brighton,2,1,H,13,6,5,2,4,4,16,10,4,4,0,0
13/09/2025,Crystal Palace,Sunderland,0,0,D,14,6,6,0,5,3,10,8,1,1,0,0
13/09/2025,Everton,Aston Villa,0,0,D,20,7,2,1,10,3,17,15,3,3,0,0
13/09/2025,Fulham,Leeds,1,0,H,5,10,3,3,3,3,20,15,1,2,0,0
13/09/2025,Newcastle,Wolves,1,0,H,16,8,4,3,10,4,10,17,1,4,0,0
13/09/2025,West Ham,Tottenham,0,3,A,7,14,4,5,2,13,8,7,0,1,1,0
13/09/2025,Brentford,Chelsea,2,2,D,7,16,4,6,5,6,13,9,3,2,0,0
14/09/2025,Burnley,Liverpool,0,1,A,3,27,0,4,1,13,9,9,0,2,0,0
14/09/2025,Man City,Man United,3,0,H,13,12,6,2,2,4,8,8,0,0,0,0
20/09/2025,Liverpool,Everton,2,1,H,11,9,3,2,5,4,11,10,2,3,0,0
20/09/2025,Brighton,Tottenham,2,2,D,12,11,4,3,2,10,10,13,1,2,0,0
20/09/2025,Burnley,Nott'm Forest,1,1,D,12,17,5,8,4,5,12,11,1,1,0,0
20/09/2025,West Ham,Crystal Palace,1,2,A,8,18,3,3,8,8,15,5,3,3,0,0
20/09/2025,Wolves,Leeds,1,3,A,16,6,6,4,4,0,11,9,1,1,0,0
20/09/2025,Man United,Chelsea,2,1,H,11,5,4,1,5,5,13,14,0,5,1,1
20/09/2025,Fulham,Brentford,3,1,H,14,8,3,3,2,10,11,13,4,1,0,0
21/09/2025,Bournemouth,Newcastle,0,0,D,11,4,2,1,5,2,7,10,2,1,0,0
21/09/2025,Sunderland,Aston Villa,1,1,D,14,12,4,2,6,5,14,8,2,1,1,0
21/09/2025,Arsenal,Man City,1,1,D,12,5,3,3,11,2,11,10,1,2,0,0
27/09/2025,Brentford,Man United,3,1,H,10,14,8,6,4,2,14,10,2,2,0,0
27/09/2025,Chelsea,Brighton,1,3,A,13,12,3,3,5,7,9,16,3,5,1,0
27/09/2025,Crystal Palace,Liverpool,2,1,H,16,20,7,4,2,6,10,8,1,3,0,0
27/09/2025,Leeds,Bournemouth,2,2,D,19,12,8,5,7,4,12,13,2,2,0,0
27/09/2025,Man City,Burnley,5,1,H,21,9,8,2,10,2,5,7,1,3,0,0
27/09/2025,Nott'm Forest,Sunderland,0,1,A,22,11,6,3,7,4,11,6,4,2,0,0
27/09/2025,Tottenham,Wolves,1,1,D,10,9,3,3,10,9,9,11,3,2,0,0
28/09/2025,Aston Villa,Fulham,3,1,H,9,11,4,4,2,8,10,13,1,4,0,0
28/09/2025,Newcastle,Arsenal,1,2,A,8,20,3,7,7,12,8,9,2,1,0,0
29/09/2025,Everton,West Ham,1,1,D,12,14,6,3,3,5,7,16,3,4,0,0
03/10/2025,Bournemouth,Fulham,3,1,H,11,12,6,4,4,3,8,10,0,1,0,0
04/10/2025,Leeds,Tottenham,1,2,A,16,9,4,3,4,1,10,12,2,3,0,0
04/10/2025,Arsenal,West Ham,2,0,H,21,4,5,0,8,3,14,14,0,2,0,0
04/10/2025,Man United,Sunderland,2,0,H,15,8,6,3,2,3,10,12,1,4,0,0
04/10/2025,Chelsea,Liverpool,2,1,H,12,12,6,2,7,2,9,8,0,2,0,0
05/10/2025,Aston Villa,Burnley,2,1,H,15,5,7,2,6,4,9,15,3,1,0,0
05/10/2025,Everton,Crystal Palace,2,1,H,14,15,7,8,2,4,13,16,2,3,0,0
05/10/2025,Newcastle,Nott'm Forest,2,0,H,18,5,9,4,8,1,16,15,0,4,0,0
05/10/2025,Wolves,Brighton,1,1,D,6,17,3,6,2,8,13,9,2,4,0,0
05/10/2025,Brentford,Man City,0,1,A,6,10,1,4,3,2,10,6,3,2,0,0
18/10/2025,Nott'm Forest,Chelsea,0,3,A,12,17,2,6,5,2,13,16,2,2,0,1
18/10/2025,Brighton,Newcastle,2,1,H,13,16,5,3,8,4,9,9,0,1,0,0
18/10/2025,Burnley,Leeds,2,0,H,4,19,3,4,1,5,10,7,2,1,0,0
18/10/2025,Crystal Palace,Bournemouth,3,3,D,20,8,7,5,6,5,8,16,1,4,0,0
18/10/2025,Man City,Everton,2,0,H,19,5,7,1,11,3,8,14,0,2,0,0
18/10/2025,Sunderland,Wolves,2,0,H,8,16,2,3,3,2,5,12,0,0,0,0
18/10/2025,Fulham,Arsenal,0,1,A,9,16,0,5,6,10,11,4,0,0,0,0
19/10/2025,Tottenham,Aston Villa,1,2,A,9,8,3,2,6,6,11,7,2,0,0,0
19/10/2025,Liverpool,Man United,1,2,A,19,12,6,4,9,4,8,14,0,2,0,0
20/10/2025,West Ham,Brentford,0,2,A,7,22,1,7,6,10,10,10,1,1,0,0
24/10/2025,Leeds,West Ham,2,1,H,13,9,5,3,3,4,12,11,3,3,0,0
25/10/2025,Chelsea,Sunderland,1,2,A,16,10,7,4,9,1,15,13,1,1,0,0
25/10/2025,Newcastle,Fulham,2,1,H,18,12,7,5,4,3,11,18,0,2,0,0
25/10/2025,Man United,Brighton,4,2,H,13,17,9,5,1,6,4,13,2,2,0,0
25/10/2025,Brentford,Liverpool,3,2,H,17,18,8,5,5,4,7,10,3,2,0,0
26/10/2025,Arsenal,Crystal Palace,1,0,H,10,7,3,1,4,3,6,11,0,0,0,0
26/10/2025,Aston Villa,Man City,1,0,H,9,18,3,4,5,6,8,16,1,4,0,0
26/10/2025,Bournemouth,Nott'm Forest,2,0,H,13,8,5,4,6,4,17,7,3,1,0,0
26/10/2025,Wolves,Burnley,2,3,A,15,11,7,7,5,3,12,7,1,0,0,0
26/10/2025,Everton,Tottenham,0,3,A,12,7,2,4,9,8,9,8,2,0,0,0
01/11/2025,Brighton,Leeds,3,0,H,14,5,7,2,4,7,10,7,0,1,0,0
01/11/2025,Burnley,Arsenal,0,2,A,3,12,0,8,1,6,10,13,2,1,0,0
01/11/2025,Crystal Palace,Brentford,2,0,H,9,6,2,2,6,5,7,11,0,3,0,0
01/11/2025,Fulham,Wolves,3,0,H,19,5,6,2,10,1,13,14,1,3,0,1
01/11/2025,Nott'm Forest,Man United,2,2,D,17,18,3,7,8,5,10,7,1,1,0,0
01/11/2025,Tottenham,Chelsea,0,1,A,3,15,1,9,6,5,14,12,4,2,0,0
01/11/2025,Liverpool,Aston Villa,2,0,H,16,10,4,3,1,4,13,11,2,3,0,0
02/11/2025,West Ham,Newcastle,3,1,H,15,12,9,4,7,6,5,10,1,2,0,0
02/11/2025,Man City,Bournemouth,3,1,H,15,8,8,5,10,4,8,11,2,2,0,0
03/11/2025,Sunderland,Everton,1,1,D,17,8,3,2,4,1,10,12,3,2,0,0
08/11/2025,Tottenham,Man United,2,2,D,10,5,4,2,5,3,10,8,5,1,0,0
08/11/2025,Everton,Fulham,2,0,H,14,8,5,4,7,5,11,14,2,2,0,0
08/11/2025,West Ham,Burnley,3,2,H,15,16,6,7,7,4,15,13,2,2,0,0
08/11/2025,Sunderland,Arsenal,2,2,D,6,17,2,7,2,2,13,13,2,1,0,0
08/11/2025,Chelsea,Wolves,3,0,H,20,3,8,0,10,1,12,14,1,2,0,0
09/11/2025,Aston Villa,Bournemouth,4,0,H,16,13,8,4,6,9,8,20,2,2,0,0
09/11/2025,Brentford,Newcastle,3,1,H,15,5,7,1,6,2,10,13,2,1,0,0
09/11/2025,Crystal Palace,Brighton,0,0,D,10,7,2,3,4,8,10,12,1,4,0,0
09/11/2025,Nott'm Forest,Leeds,3,1,H,14,10,6,3,6,4,10,11,2,1,0,0
09/11/2025,Man City,Liverpool,3,0,H,14,7,6,1,7,7,14,15,2,4,0,0
22/11/2025,Burnley,Chelsea,0,2,A,8,15,2,5,1,9,13,8,2,3,0,0
22/11/2025,Bournemouth,West Ham,2,2,D,28,5,10,2,9,2,9,10,3,2,0,0
22/11/2025,Brighton,Brentford,2,1,H,14,10,5,4,7,4,10,9,4,2,0,0
22/11/2025,Fulham,Sunderland,1,0,H,24,4,6,2,7,4,5,13,3,3,0,0
22/11/2025,Liverpool,Nott'm Forest,0,3,A,21,15,4,7,8,6,11,8,2,0,0,0
22/11/2025,Wolves,Crystal Palace,0,2,A,8,10,1,4,1,4,13,9,2,3,0,0
22/11/2025,Newcastle,Man City,2,1,H,9,17,5,4,5,9,13,8,1,3,0,0
23/11/2025,Leeds,Aston Villa,1,2,A,14,14,5,3,3,3,18,16,5,1,0,0
23/11/2025,Arsenal,Tottenham,4,1,H,17,3,8,2,4,1,11,15,1,3,0,0
24/11/2025,Man United,Everton,0,1,A,25,3,6,1,9,1,12,9,2,0,0,1
29/11/2025,Brentford,Burnley,3,1,H,14,6,4,2,5,6,7,7,0,2,0,0
29/11/2025,Man City,Leeds,3,2,H,18,9,9,4,8,1,17,11,4,1,0,0
29/11/2025,Sunderland,Bournemouth,3,2,H,12,18,6,6,6,3,14,13,5,5,0,1
29/11/2025,Everton,Newcastle,1,4,A,10,13,2,8,8,7,4,6,0,0,0,0
29/11/2025,Tottenham,Fulham,1,2,A,14,7,2,3,8,2,11,7,3,2,0,0
30/11/2025,Crystal Palace,Man United,1,2,A,14,14,3,6,4,4,14,14,3,2,0,0
30/11/2025,Aston Villa,Wolves,1,0,H,16,9,6,4,7,3,13,21,0,4,0,0
30/11/2025,Nott'm Forest,Brighton,0,2,A,19,17,3,6,9,2,11,10,0,1,0,0
30/11/2025,West Ham,Liverpool,0,2,A,7,9,0,5,7,2,12,14,1,0,1,0
30/11/2025,Chelsea,Arsenal,1,1,D,11,8,4,4,3,3,12,13,1,6,1,0
02/12/2025,Bournemouth,Everton,0,1,A,5,13,2,3,1,6,14,14,3,3,0,0
02/12/2025,Fulham,Man City,4,5,A,12,11,6,4,7,2,9,7,0,1,0,0
02/12/2025,Newcastle,Tottenham,2,2,D,19,8,7,2,11,8,5,12,0,3,0,0
03/12/2025,Arsenal,Brentford,2,0,H,15,6,7,1,4,8,7,9,0,1,0,0
03/12/2025,Brighton,Aston Villa,3,4,A,16,14,7,10,5,6,10,9,2,2,0,0
03/12/2025,Burnley,Crystal Palace,0,1,A,11,3,4,3,3,4,9,8,0,0,0,0
03/12/2025,Wolves,Nott'm Forest,0,1,A,5,10,1,3,3,9,19,11,2,2,0,0
03/12/2025,Leeds,Chelsea,3,1,H,17,14,5,2,4,2,10,13,1,1,0,0
03/12/2025,Liverpool,Sunderland,1,1,D,23,9,4,6,7,3,10,5,1,1,0,0
04/12/2025,Man United,West Ham,1,1,D,17,11,4,3,6,6,13,9,2,2,0,0
06/12/2025,Aston Villa,Arsenal,2,1,H,15,15,6,9,3,3,10,8,0,2,0,0
06/12/2025,Bournemouth,Chelsea,0,0,D,13,11,5,4,5,0,15,13,0,2,0,0
06/12/2025,Everton,Nott'm Forest,3,0,H,11,7,5,3,6,3,17,15,4,3,0,0
06/12/2025,Man City,Sunderland,3,0,H,18,8,6,1,6,5,9,10,1,0,0,1
06/12/2025,Newcastle,Burnley,2,1,H,17,9,7,3,9,9,9,11,2,2,0,1
06/12/2025,Tottenham,Brentford,2,0,H,15,4,7,1,7,6,8,9,3,4,0,0
06/12/2025,Leeds,Liverpool,3,3,D,12,16,5,7,5,4,14,14,3,3,0,0
07/12/2025,Brighton,West Ham,1,1,D,22,14,4,5,10,6,12,8,2,2,0,0
07/12/2025,Fulham,Crystal Palace,1,2,A,12,11,4,5,6,4,5,8,0,0,0,0
08/12/2025,Wolves,Man United,1,4,A,8,27,2,10,1,9,17,12,3,2,0,0
13/12/2025,Chelsea,Everton,2,0,H,17,11,5,2,4,7,13,11,1,0,0,0
13/12/2025,Liverpool,Brighton,2,0,H,18,14,4,1,2,2,8,15,1,2,0,0
13/12/2025,Burnley,Fulham,2,3,A,16,6,8,4,10,4,8,8,1,2,0,0
13/12/2025,Arsenal,Wolves,2,1,H,16,3,2,2,8,0,7,15,0,4,0,0
14/12/2025,Crystal Palace,Man City,0,3,A,16,7,4,6,2,2,9,6,2,0,0,0
14/12/2025,Nott'm Forest,Tottenham,3,0,H,15,6,6,1,3,3,9,13,1,3,0,0
14/12/2025,Sunderland,Newcastle,1,0,H,5,6,1,2,3,6,10,10,5,4,0,0
14/12/2025,West Ham,Aston Villa,2,3,A,10,7,3,4,5,3,18,13,1,2,0,0
14/12/2025,Brentford,Leeds,1,1,D,7,18,2,4,0,3,8,9,0,0,0,0
15/12/2025,Man United,Bournemouth,4,4,D,25,14,9,9,5,4,15,12,2,3,0,0
20/12/2025,Newcastle,Chelsea,2,2,D,11,13,5,4,6,4,13,14,3,6,0,0
20/12/2025,Bournemouth,Burnley,1,1,D,16,4,1,1,5,3,11,11,1,1,0,0
20/12/2025,Brighton,Sunderland,0,0,D,16,14,4,6,3,4,11,15,2,2,0,0
20/12/2025,Man City,West Ham,3,0,H,17,7,8,3,6,0,16,10,1,1,0,0
20/12/2025,Wolves,Brentford,0,2,A,9,7,2,6,3,4,12,15,2,4,0,0
20/12/2025,Tottenham,Liverpool,1,2,A,15,8,4,4,2,6,9,7,3,3,2,0
20/12/2025,Everton,Arsenal,0,1,A,5,13,1,2,2,3,4,5,2,2,0,0
20/12/2025,Leeds,Crystal Palace,4,1,H,20,9,8,3,9,5,5,10,1,3,0,0
21/12/2025,Aston Villa,Man United,2,1,H,12,15,4,6,5,5,11,14,1,2,0,0
22/12/2025,Fulham,Nott'm Forest,1,0,H,11,12,1,2,1,5,5,9,5,4,0,0
26/12/2025,Man United,Newcastle,1,0,H,10,16,4,3,2,11,9,5,2,1,0,0
27/12/2025,Nott'm Forest,Man City,1,2,A,7,16,2,5,5,5,5,13,1,2,0,0
27/12/2025,Arsenal,Brighton,2,1,H,24,8,6,3,7,2,7,13,2,3,0,0
27/12/2025,Brentford,Bournemouth,4,1,H,15,20,7,10,2,15,9,8,2,2,0,0
27/12/2025,Burnley,Everton,0,0,D,16,15,0,6,6,5,8,8,0,2,0,0
27/12/2025,Liverpool,Wolves,2,1,H,14,9,4,4,6,4,5,13,0,1,0,0
27/12/2025,West Ham,Fulham,0,1,A,11,15,2,4,5,4,8,8,1,3,0,0
27/12/2025,Chelsea,Aston Villa,1,2,A,14,11,3,8,6,7,16,8,5,3,0,0
28/12/2025,Sunderland,Leeds,1,1,D,8,17,3,6,3,9,7,9,1,0,0,0
28/12/2025,Crystal Palace,Tottenham,0,1,A,15,8,2,4,3,2,7,5,3,2,0,0
30/12/2025,Burnley,Newcastle,1,3,A,15,20,4,9,3,4,9,3,2,1,0,0
30/12/2025,Chelsea,Bournemouth,2,2,D,17,17,3,6,12,3,5,12,1,1,0,0
30/12/2025,Nott'm Forest,Everton,0,2,A,21,11,6,3,9,2,11,9,1,0,0,0
30/12/2025,West Ham,Brighton,2,2,D,10,16,4,6,5,5,11,18,3,5,0,0
30/12/2025,Arsenal,Aston Villa,4,1,H,22,11,7,3,3,3,18,9,2,3,0,0
30/12/2025,Man United,Wolves,1,1,D,15,11,6,4,8,4,9,12,0,2,0,0
01/01/2026,Crystal Palace,Fulham,1,1,D,11,17,2,5,6,3,7,10,0,5,0,0
01/01/2026,Liverpool,Leeds,0,0,D,19,4,4,2,8,3,10,8,0,2,0,0
01/01/2026,Brentford,Tottenham,0,0,D,7,9,2,3,3,1,8,10,1,2,0,0
01/01/2026,Sunderland,Man City,0,0,D,10,14,4,4,3,5,9,6,1,1,0,0
03/01/2026,Aston Villa,Nott'm Forest,3,1,H,11,10,4,5,4,4,10,20,1,2,0,0
03/01/2026,Brighton,Burnley,2,0,H,15,5,4,3,4,4,7,17,0,4,0,0
03/01/2026,Wolves,West Ham,3,0,H,11,6,8,0,6,7,11,10,1,0,0,0
03/01/2026,Bournemouth,Arsenal,2,3,A,15,12,3,5,7,5,13,8,3,1,0,0
04/01/2026,Leeds,Man United,1,1,D,11,15,3,2,6,4,9,9,0,1,0,0
04/01/2026,Everton,Brentford,2,4,A,14,11,6,7,4,5,9,8,0,2,0,0
04/01/2026,Newcastle,Crystal Palace,2,0,H,12,11,7,1,8,6,5,12,1,3,0,0
04/01/2026,Tottenham,Sunderland,1,1,D,13,10,5,3,3,5,10,6,2,3,0,0
04/01/2026,Fulham,Liverpool,2,2,D,8,10,2,2,3,8,11,4,1,1,0,0
04/01/2026,Man City,Chelsea,1,1,D,14,8,3,3,8,2,12,14,3,3,0,0
06/01/2026,West Ham,Nott'm Forest,1,2,A,14,13,3,5,6,5,15,9,3,0,0,0
07/01/2026,Bournemouth,Tottenham,3,2,H,11,16,3,4,3,7,19,10,3,3,0,0
07/01/2026,Brentford,Sunderland,3,0,H,18,11,6,3,7,4,13,13,2,1,0,0
07/01/2026,Crystal Palace,Aston Villa,0,0,D,11,15,5,3,3,5,8,3,2,0,0,0
07/01/2026,Everton,Wolves,1,1,D,13,13,2,4,2,7,13,15,1,3,2,0
07/01/2026,Fulham,Chelsea,2,1,H,16,14,5,6,2,11,11,6,3,3,0,1
07/01/2026,Man City,Brighton,1,1,D,22,6,6,3,6,2,6,16,1,6,0,0
07/01/2026,Burnley,Man United,2,2,D,7,30,1,10,2,6,9,8,2,0,0,0
07/01/2026,Newcastle,Leeds,4,3,H,18,14,8,6,8,4,11,10,3,2,0,0
08/01/2026,Arsenal,Liverpool,0,0,D,9,8,4,0,3,0,10,9,2,2,0,0
17/01/2026,Man United,Man City,2,0,H,11,7,7,1,1,6,13,8,2,3,0,0
17/01/2026,Chelsea,Brentford,2,0,H,6,15,2,5,3,9,7,10,3,2,0,0
17/01/2026,Leeds,Fulham,1,0,H,14,8,5,1,7,3,6,11,1,5,0,0
17/01/2026,Liverpool,Burnley,1,1,D,32,7,11,1,9,1,8,10,1,2,0,0
17/01/2026,Sunderland,Crystal Palace,2,1,H,13,6,7,2,3,4,8,15,3,3,0,0
17/01/2026,Tottenham,West Ham,1,2,A,21,17,6,4,11,5,12,17,5,3,0,0
17/01/2026,Nott'm Forest,Arsenal,0,0,D,6,15,0,3,4,9,8,14,1,1,0,0
18/01/2026,Wolves,Newcastle,0,0,D,6,12,2,2,4,7,14,8,2,2,0,0
18/01/2026,Aston Villa,Everton,0,1,A,18,9,5,3,6,4,15,13,1,2,0,0
19/01/2026,Brighton,Bournemouth,1,1,D,17,11,5,2,11,6,7,6,2,3,0,0
24/01/2026,West Ham,Sunderland,3,1,H,13,7,5,2,3,3,9,16,2,4,0,0
24/01/2026,Burnley,Tottenham,2,2,D,9,18,4,11,1,3,8,9,1,0,0,0
24/01/2026,Fulham,Brighton,2,1,H,12,13,4,5,6,6,10,6,1,1,0,0
24/01/2026,Man City,Wolves,2,0,H,11,11,4,1,4,6,16,14,1,3,0,0
24/01/2026,Bournemouth,Liverpool,3,2,H,12,14,5,4,3,11,7,7,1,1,0,0
25/01/2026,Brentford,Nott'm Forest,0,2,A,10,7,1,2,6,5,11,10,1,0,0,0
25/01/2026,Crystal Palace,Chelsea,1,3,A,13,10,7,6,4,5,11,10,2,2,1,0
25/01/2026,Newcastle,Aston Villa,0,2,A,15,14,4,8,6,5,7,12,1,2,0,0
25/01/2026,Arsenal,Man United,2,3,A,15,10,4,3,9,2,11,9,2,0,0,0
26/01/2026,Everton,Leeds,1,1,D,10,14,3,4,4,4,9,13,0,3,0,0
31/01/2026,Brighton,Everton,1,1,D,11,7,2,4,5,2,13,14,1,2,0,0
31/01/2026,Leeds,Arsenal,0,4,A,3,14,1,8,4,12,10,7,1,1,0,0
31/01/2026,Wolves,Bournemouth,0,2,A,17,9,7,4,5,6,11,15,3,3,0,0
31/01/2026,Chelsea,West Ham,3,2,H,14,11,6,6,9,3,11,13,3,2,0,1
31/01/2026,Liverpool,Newcastle,4,1,H,17,8,7,2,7,11,11,7,1,3,0,0
01/02/2026,Aston Villa,Brentford,0,1,A,27,6,5,2,12,1,8,8,0,3,0,0
01/02/2026,Man United,Fulham,3,2,H,13,14,6,6,3,7,6,9,2,1,0,0
01/02/2026,Nott'm Forest,Crystal Palace,1,1,D,9,14,1,3,5,7,4,12,1,3,0,0
01/02/2026,Tottenham,Man City,2,2,D,12,15,6,3,3,4,15,12,3,3,0,0
02/02/2026,Sunderland,Burnley,3,0,H,14,5,5,0,1,2,12,10,1,4,0,0
06/02/2026,Leeds,Nott'm Forest,3,1,H,14,16,5,6,5,10,9,12,1,1,0,0
07/02/2026,Man United,Tottenham,2,0,H,23,7,10,1,7,0,12,11,1,2,0,1
07/02/2026,Arsenal,Sunderland,3,0,H,16,5,5,3,5,2,11,8,1,2,0,0
07/02/2026,Bournemouth,Aston Villa,1,1,D,20,7,9,4,11,4,4,11,1,1,0,0
07/02/2026,Burnley,West Ham,0,2,A,18,6,5,4,5,2,11,10,3,1,0,0
07/02/2026,Fulham,Everton,1,2,A,13,16,3,3,6,6,11,12,1,5,0,0
07/02/2026,Wolves,Chelsea,1,3,A,11,15,3,6,3,4,9,10,1,1,0,0
07/02/2026,Newcastle,Brentford,2,3,A,16,11,4,5,9,3,14,18,2,2,0,0
08/02/2026,Brighton,Crystal Palace,0,1,A,7,7,2,4,3,4,12,9,1,3,0,0
08/02/2026,Liverpool,Man City,1,2,A,15,17,4,7,5,4,13,16,2,4,1,0
10/02/2026,Chelsea,Leeds,2,2,D,19,4,4,2,4,1,9,13,4,4,0,0
10/02/2026,Everton,Bournemouth,1,2,A,16,11,6,4,7,2,14,15,1,3,1,0
10/02/2026,Tottenham,Newcastle,1,2,A,16,21,2,5,2,12,15,11,3,2,0,0
10/02/2026,West Ham,Man United,1,1,D,7,9,3,3,5,3,10,4,1,1,0,0
11/02/2026,Aston Villa,Brighton,1,0,H,15,9,1,3,7,5,9,15,2,3,0,0
11/02/2026,Crystal Palace,Burnley,2,3,A,21,8,3,3,8,2,11,8,2,1,0,0
11/02/2026,Man City,Fulham,3,0,H,13,14,5,3,4,4,8,10,3,1,0,0
11/02/2026,Nott'm Forest,Wolves,0,0,D,35,7,10,3,8,2,12,13,0,2,0,0
11/02/2026,Sunderland,Liverpool,0,1,A,11,23,2,3,3,11,8,10,1,0,0,0
12/02/2026,Brentford,Arsenal,1,1,D,12,7,3,2,6,4,12,11,3,2,0,0
18/02/2026,Wolves,Arsenal,2,2,D,5,10,2,4,1,3,6,8,2,1,0,0
21/02/2026,Aston Villa,Leeds,1,1,D,16,14,4,4,7,2,11,16,1,4,0,0
21/02/2026,Brentford,Brighton,0,2,A,13,11,3,7,6,4,9,14,1,2,0,0
21/02/2026,Chelsea,Burnley,1,1,D,12,12,2,4,9,5,13,11,2,2,1,0
21/02/2026,West Ham,Bournemouth,0,0,D,20,10,3,5,9,5,10,11,1,1,0,0
21/02/2026,Man City,Newcastle,2,1,H,15,13,7,7,5,5,12,13,2,5,0,0
22/02/2026,Crystal Palace,Wolves,1,0,H,14,12,3,7,7,3,19,13,5,1,0,1
22/02/2026,Nott'm Forest,Liverpool,0,1,A,18,10,2,4,7,2,13,9,2,0,0,0
22/02/2026,Sunderland,Fulham,1,3,A,12,12,2,4,6,4,6,13,1,1,0,0
22/02/2026,Tottenham,Arsenal,1,4,A,6,20,5,7,2,5,17,11,2,1,0,0
23/02/2026,Everton,Man United,0,1,A,12,11,4,3,10,1,12,7,2,3,0,0
27/02/2026,Wolves,Aston Villa,2,0,H,9,14,2,5,0,5,13,19,3,3,0,0
28/02/2026,Bournemouth,Sunderland,1,1,D,21,8,5,4,7,3,15,12,4,2,0,0
28/02/2026,Burnley,Brentford,3,4,A,12,16,3,7,4,8,9,9,2,2,0,0
28/02/2026,Liverpool,West Ham,5,2,H,18,11,7,4,10,5,12,11,2,2,0,0
28/02/2026,Newcastle,Everton,2,3,A,17,9,7,5,7,2,15,7,2,3,0,0
28/02/2026,Leeds,Man City,0,1,A,14,14,2,5,5,3,10,8,0,3,0,0
01/03/2026,Brighton,Nott'm Forest,2,1,H,14,13,7,4,4,4,12,13,3,1,0,0
01/03/2026,Fulham,Tottenham,2,1,H,18,13,4,1,5,8,11,14,3,3,0,0
01/03/2026,Man United,Crystal Palace,2,1,H,20,8,11,3,7,1,13,12,2,2,0,1
01/03/2026,Arsenal,Chelsea,2,1,H,12,9,5,3,5,10,11,14,1,3,0,1
03/03/2026,Bournemouth,Brentford,0,0,D,13,5,2,2,4,3,9,10,2,1,0,0
03/03/2026,Everton,Burnley,2,0,H,14,5,5,2,6,3,10,12,0,1,0,0
03/03/2026,Leeds,Sunderland,0,1,A,18,3,4,1,9,2,15,19,1,3,0,0
03/03/2026,Wolves,Liverpool,2,1,H,4,19,3,7,2,11,10,13,2,1,0,0
04/03/2026,Aston Villa,Chelsea,1,4,A,9,15,4,8,3,8,10,9,3,2,0,0
04/03/2026,Brighton,Arsenal,0,1,A,11,7,3,2,4,3,14,12,4,1,0,0
04/03/2026,Fulham,West Ham,0,1,A,13,9,5,3,7,5,14,12,2,4,0,0
04/03/2026,Man City,Nott'm Forest,2,2,D,21,9,7,4,6,1,10,6,0,4,0,0
04/03/2026,Newcastle,Man United,2,1,H,12,14,5,5,2,4,15,16,2,3,1,0
05/03/2026,Tottenham,Crystal Palace,1,3,A,12,9,4,4,6,3,14,14,3,2,0,0
14/03/2026,Burnley,Bournemouth,0,0,D,15,22,2,3,5,8,11,5,1,0,0,0
14/03/2026,Sunderland,Brighton,0,1,A,14,12,4,4,7,3,7,12,1,2,0,0
14/03/2026,Arsenal,Everton,2,0,H,25,9,7,3,8,3,11,12,0,0,0,0
14/03/2026,Chelsea,Newcastle,0,1,A,22,7,3,5,8,1,9,10,2,2,0,0
14/03/2026,West Ham,Man City,1,1,D,1,24,1,6,1,15,14,5,2,2,0,0
15/03/2026,Crystal Palace,Leeds,0,0,D,12,10,0,3,8,3,12,11,2,1,0,1
15/03/2026,Man United,Aston Villa,3,1,H,16,9,6,2,6,6,10,5,3,2,0,0
15/03/2026,Nott'm Forest,Fulham,0,0,D,11,5,2,0,5,4,8,10,2,3,0,0
15/03/2026,Liverpool,Tottenham,1,1,D,17,13,4,7,3,4,8,13,0,0,0,0
16/03/2026,Brentford,Wolves,2,2,D,10,13,3,4,1,5,12,10,2,4,0,0
20/03/2026,Bournemouth,Man United,2,2,D,16,14,5,5,6,8,10,9,2,2,0,1
21/03/2026,Brighton,Liverpool,2,1,H,16,12,7,5,4,8,11,11,5,5,0,0
21/03/2026,Fulham,Burnley,3,1,H,22,9,6,5,6,6,6,9,2,2,0,1
21/03/2026,Everton,Chelsea,3,0,H,10,12,9,4,3,9,6,7,0,2,0,0
21/03/2026,Leeds,Brentford,0,0,D,14,6,4,2,6,2,6,9,2,0,0,0
22/03/2026,Newcastle,Sunderland,1,2,A,16,17,4,7,9,5,8,19,1,6,0,0
22/03/2026,Aston Villa,West Ham,2,0,H,23,9,7,1,6,6,3,7,0,1,0,0
22/03/2026,Tottenham,Nott'm Forest,0,3,A,14,8,3,7,13,3,13,13,1,2,0,0
10/04/2026,West Ham,Wolves,4,0,H,18,14,7,3,5,2,11,7,2,2,0,0
11/04/2026,Arsenal,Bournemouth,1,2,A,15,8,3,3,10,1,12,18,1,3,0,0
11/04/2026,Brentford,Everton,2,2,D,17,14,4,7,2,3,6,7,0,2,0,0
11/04/2026,Burnley,Brighton,0,2,A,10,13,5,6,8,2,7,11,2,1,0,0
11/04/2026,Liverpool,Fulham,2,0,H,18,19,5,4,6,9,10,4,0,0,0,0
12/04/2026,Crystal Palace,Newcastle,2,1,H,11,7,5,3,2,4,17,12,0,3,0,0
12/04/2026,Nott'm Forest,Aston Villa,1,1,D,15,12,4,5,7,3,15,10,2,2,0,0
12/04/2026,Sunderland,Tottenham,1,0,H,13,11,2,7,2,6,14,15,3,3,0,0
12/04/2026,Chelsea,Man City,0,3,A,12,18,3,8,4,12,10,14,3,1,0,0
13/04/2026,Man United,Leeds,1,2,A,20,15,9,6,11,4,12,15,3,2,1,0
18/04/2026,Brentford,Fulham,0,0,D,13,11,4,0,9,3,8,13,0,1,0,0
18/04/2026,Leeds,Wolves,3,0,H,17,7,6,2,5,6,9,17,2,1,0,0
18/04/2026,Newcastle,Bournemouth,1,2,A,12,12,3,3,2,3,11,12,2,4,0,0
18/04/2026,Tottenham,Brighton,2,2,D,13,10,6,3,7,5,14,14,3,1,0,0
18/04/2026,Chelsea,Man United,0,1,A,21,4,3,1,7,1,12,13,1,3,0,0
19/04/2026,Aston Villa,Sunderland,4,3,H,15,10,7,7,4,5,11,11,1,3,0,0
19/04/2026,Everton,Liverpool,1,2,A,10,14,4,6,1,6,8,12,2,0,0,0
19/04/2026,Nott'm Forest,Burnley,4,1,H,10,4,4,3,4,4,8,12,0,2,0,0
19/04/2026,Man City,Arsenal,2,1,H,15,9,5,3,8,5,5,12,2,2,0,0
20/04/2026,Crystal Palace,West Ham,0,0,D,9,9,1,4,4,6,13,12,2,1,0,0
21/04/2026,Brighton,Chelsea,3,0,H,15,6,9,0,6,5,15,6,1,1,0,0
22/04/2026,Bournemouth,Leeds,2,2,D,17,10,7,3,12,1,6,10,3,0,0,0
22/04/2026,Burnley,Man City,0,1,A,9,28,1,9,3,11,10,12,0,0,0,0
24/04/2026,Sunderland,Nott'm Forest,0,5,A,14,10,4,6,3,6,13,15,2,5,0,0
25/04/2026,Fulham,Aston Villa,1,0,H,13,10,6,1,2,5,14,12,2,2,0,0
25/04/2026,Liverpool,Crystal Palace,3,1,H,9,14,3,7,5,8,10,10,1,3,0,0
25/04/2026,West Ham,Everton,2,1,H,10,11,3,3,3,4,9,11,3,4,0,0
25/04/2026,Wolves,Tottenham,0,1,A,11,11,2,2,5,5,8,14,3,4,0,0
25/04/2026,Arsenal,Newcastle,1,0,H,11,13,4,3,7,2,13,10,2,2,0,0
27/04/2026,Man United,Brentford,2,1,H,11,12,6,4,7,8,6,9,2,4,0,0
01/05/2026,Leeds,Burnley,3,1,H,18,9,8,3,5,0,12,11,4,3,0,0
02/05/2026,Brentford,West Ham,3,0,H,14,13,6,4,2,6,8,12,1,3,0,0
02/05/2026,Newcastle,Brighton,3,1,H,13,13,6,4,2,10,10,12,3,3,0,0
02/05/2026,Wolves,Sunderland,1,1,D,20,10,7,2,6,3,11,11,0,4,0,1
02/05/2026,Arsenal,Fulham,3,0,H,18,10,9,1,3,4,7,12,0,1,0,0
03/05/2026,Bournemouth,Crystal Palace,3,0,H,16,7,5,1,7,1,10,11,0,2,0,0
03/05/2026,Man United,Liverpool,3,2,H,18,13,6,5,3,2,12,11,2,2,0,0
03/05/2026,Aston Villa,Tottenham,1,2,A,5,10,1,5,5,5,12,12,2,5,0,0
04/05/2026,Chelsea,Nott'm Forest,1,3,A,21,6,5,4,10,1,12,10,3,1,0,0
04/05/2026,Everton,Man City,3,3,D,14,21,6,4,5,9,15,5,4,1,0,0
09/05/2026,Liverpool,Chelsea,1,1,D,8,6,3,3,5,2,17,17,2,4,0,0
09/05/2026,Brighton,Wolves,3,0,H,14,5,6,1,7,1,9,11,1,2,0,0
09/05/2026,Fulham,Bournemouth,0,1,A,14,10,2,5,11,2,12,21,4,2,1,1
09/05/2026,Sunderland,Man United,0,0,D,15,11,4,1,7,8,12,12,0,3,0,0
09/05/2026,Man City,Brentford,3,0,H,25,4,10,2,10,2,8,14,4,2,0,0
10/05/2026,Burnley,Aston Villa,2,2,D,15,18,6,7,2,8,18,8,1,1,0,0
10/05/2026,Crystal Palace,Everton,2,2,D,21,13,8,6,5,10,5,13,0,2,0,0
10/05/2026,Nott'm Forest,Newcastle,1,1,D,17,16,6,6,2,1,16,11,2,0,0,0
10/05/2026,West Ham,Arsenal,0,1,A,9,15,3,4,4,3,14,12,3,4,0,0
11/05/2026,Tottenham,Leeds,1,1,D,16,11,3,4,14,2,12,7,3,1,0,0
13/05/2026,Man City,Crystal Palace,3,0,H,15,6,4,2,9,4,10,7,0,2,0,0
15/05/2026,Aston Villa,Liverpool,4,2,H,14,16,9,5,4,9,12,9,3,1,0,0
17/05/2026,Man United,Nott'm Forest,3,2,H,29,11,8,4,7,6,11,5,2,1,0,0
17/05/2026,Brentford,Crystal Palace,2,2,D,14,16,3,5,9,4,7,5,1,3,0,0
17/05/2026,Everton,Sunderland,1,3,A,10,7,4,3,3,2,14,9,3,0,0,0
17/05/2026,Leeds,Brighton,1,0,H,7,19,1,8,7,8,9,7,1,0,0,0
17/05/2026,Wolves,Fulham,1,1,D,11,13,3,5,3,6,20,8,1,0,0,0
17/05/2026,Newcastle,West Ham,3,1,H,15,15,7,8,9,1,8,11,1,3,0,0
18/05/2026,Arsenal,Burnley,1,0,H,13,5,3,0,3,3,7,16,1,3,0,0
19/05/2026,Bournemouth,Man City,1,1,D,10,14,2,5,7,6,16,7,4,2,0,0
19/05/2026,Chelsea,Tottenham,2,1,H,9,9,4,3,3,4,11,18,4,3,0,0
24/05/2026,Brighton,Man United,0,3,A,13,11,2,7,0,3,11,8,0,1,0,0
24/05/2026,Burnley,Wolves,1,1,D,16,16,8,4,7,7,10,11,2,2,0,0
24/05/2026,Crystal Palace,Arsenal,1,2,A,8,17,3,7,3,4,9,12,0,1,0,0
24/05/2026,Fulham,Newcastle,2,0,H,21,7,6,2,6,6,13,6,2,2,0,0
24/05/2026,Liverpool,Brentford,1,1,D,24,11,8,2,14,2,9,9,2,3,0,0
24/05/2026,Man City,Aston Villa,1,2,A,16,12,3,5,9,4,8,4,1,0,0,0
24/05/2026,Nott'm Forest,Bournemouth,1,1,D,15,17,5,4,6,3,11,7,1,1,0,0
24/05/2026,Sunderland,Chelsea,2,1,H,20,10,2,1,7,7,15,18,3,2,0,0
24/05/2026,Tottenham,Everton,1,0,H,21,8,6,3,6,2,15,12,5,3,0,1
24/05/2026,West Ham,Leeds,3,0,H,16,13,9,3,6,4,11,14,0,3,0,0
